Country Name;Year;Inflation
UKR;2011;9.37293105078978
UKR;2012;7.95572466274651
UKR;2013;0.568727971803845
UKR;2015;12.0718562874252
UKR;2016;48.6998646434424
UKR;2017;13.9127101997796
UKR;2018;14.4383227488749
UKR;2019;10.9518559353178
