Country Name;Year;Inflation
FP.CPI.TOTL.ZG;2012;3.156841568622
FP.CPI.TOTL.ZG;2011;9.37293105078978
FP.CPI.TOTL.ZG;2012;7.95572466274651
FP.CPI.TOTL.ZG;2015;12.0718562874252
FP.CPI.TOTL.ZG;2016;48.6998646434424
FP.CPI.TOTL.ZG;2017;13.9127101997796
FP.CPI.TOTL.ZG;2018;14.4383227488749
FP.CPI.TOTL.ZG;2019;10.9518559353178
